{
  "d00": {
    "token": {
      "count": 55,
      "mean": 2234.9454545454546,
      "variance": 283770.8515702479,
      "std": 532.7014657106247,
      "empirical_jensen_gap": 0.021960635807424467,
      "delta_method_gap": 0.028405597646108626
    },
    "wall": {
      "count": 55,
      "mean": 97.81803087960314,
      "variance": 3180.170524422654,
      "std": 56.393000668723545,
      "empirical_jensen_gap": 0.2156364290703685,
      "delta_method_gap": 0.16618146385525334
    }
  },
  "d10": {
    "token": {
      "count": 51,
      "mean": 2460.901960784314,
      "variance": 899232.8727412533,
      "std": 948.2789002931855,
      "empirical_jensen_gap": 0.04582195412105783,
      "delta_method_gap": 0.07424266528298584
    },
    "wall": {
      "count": 51,
      "mean": 104.98471832760569,
      "variance": 3976.0420023496595,
      "std": 63.055864139266696,
      "empirical_jensen_gap": 0.20889764475373784,
      "delta_method_gap": 0.1803718639126262
    }
  },
  "d01": {
    "token": {
      "count": 106,
      "mean": 2407.3584905660377,
      "variance": 555727.9280882876,
      "std": 745.4716145422893,
      "empirical_jensen_gap": 0.03495204534102392,
      "delta_method_gap": 0.04794581346988248
    },
    "wall": {
      "count": 106,
      "mean": 100.92458605070715,
      "variance": 4257.650730448843,
      "std": 65.25067609189075,
      "empirical_jensen_gap": 0.2691354158014514,
      "delta_method_gap": 0.20899990208867336
    }
  },
  "d11": {
    "token": {
      "count": 93,
      "mean": 2439.6129032258063,
      "variance": 819449.3340270552,
      "std": 905.2344083313753,
      "empirical_jensen_gap": 0.03945884713913461,
      "delta_method_gap": 0.06884149094583769
    },
    "wall": {
      "count": 93,
      "mean": 115.51730841535496,
      "variance": 4484.743376966969,
      "std": 66.96822662253324,
      "empirical_jensen_gap": 0.2560235850855159,
      "delta_method_gap": 0.16804031198676986
    }
  }
}