{
  "d00": {
    "current_max_fill": 0.22831875,
    "multiplier_to_50pct": 2.189920889107881,
    "multiplier_to_75pct": 3.2848813336618217
  },
  "d10": {
    "current_max_fill": 0.217345,
    "multiplier_to_50pct": 2.300490004370931,
    "multiplier_to_75pct": 3.450735006556396
  },
  "d01": {
    "current_max_fill": 0.24264875,
    "multiplier_to_50pct": 2.060591698906341,
    "multiplier_to_75pct": 3.0908875483595115
  },
  "d11": {
    "current_max_fill": 0.211505,
    "multiplier_to_50pct": 2.3640103070849388,
    "multiplier_to_75pct": 3.5460154606274084
  }
}